{"cameraMode":{"drawMode":0,"name":"Shaded","section":"Shading Mode"},"sceneLighting":false,"audioPlay":false,"sceneViewState":{"m_AlwaysRefresh":false,"showFog":true,"showSkybox":false,"showFlares":true,"showImageEffects":true,"showParticleSystems":true,"showVisualEffectGraphs":true,"m_FxEnabled":true},"in2DMode":false,"pivot":{"x":-0.00008910149335861206,"y":8.391925811767579,"z":-0.0007085967808961868},"rotation":{"x":-0.07402890175580979,"y":0.3341093957424164,"z":-0.026232710108160974,"w":-0.9393998980522156},"size":3.458312749862671,"orthographic":false}