{"cameraMode":{"drawMode":0,"name":"Shaded","section":"Shading Mode"},"sceneLighting":false,"audioPlay":false,"sceneViewState":{"m_AlwaysRefresh":false,"showFog":true,"showSkybox":false,"showFlares":true,"showImageEffects":true,"showParticleSystems":true,"showVisualEffectGraphs":true,"m_FxEnabled":true},"in2DMode":false,"pivot":{"x":17.679424285888673,"y":10.756105422973633,"z":93.31488800048828},"rotation":{"x":-0.06434717774391175,"y":0.25664961338043215,"z":-0.017056627199053766,"w":-0.9643523097038269},"size":2.9138786792755129,"orthographic":false}