{"cameraMode":{"drawMode":0,"name":"Shaded","section":"Shading Mode"},"sceneLighting":false,"audioPlay":false,"sceneViewState":{"m_AlwaysRefresh":false,"showFog":true,"showSkybox":false,"showFlares":true,"showImageEffects":true,"showParticleSystems":true,"showVisualEffectGraphs":true,"m_FxEnabled":true},"in2DMode":false,"pivot":{"x":0.008933216333389283,"y":-1.6074743270874024,"z":-0.24578265845775605},"rotation":{"x":-0.036490894854068759,"y":-0.07936890423297882,"z":0.0029125288128852846,"w":-0.9963242411613464},"size":15.300379753112793,"orthographic":false}