{"cameraMode":{"drawMode":0,"name":"Shaded","section":"Shading Mode"},"sceneLighting":false,"audioPlay":false,"sceneViewState":{"m_AlwaysRefresh":false,"showFog":true,"showSkybox":false,"showFlares":true,"showImageEffects":true,"showParticleSystems":true,"showVisualEffectGraphs":true,"m_FxEnabled":true},"in2DMode":false,"pivot":{"x":-0.38191768527030947,"y":4.685476303100586,"z":-0.8171159029006958},"rotation":{"x":-0.07402890175580979,"y":0.3341093957424164,"z":-0.026232710108160974,"w":-0.9393998980522156},"size":10.123103141784668,"orthographic":false}